hazard,median_year_built,occupancy,walls,roofing,roof_type,percent_owner_occupied,percent_renter_occupied,imp_surfaces,forested,housing_density,pop_density,pop,median_age,percent_african_american,percent_native_american,percent_asain,percent_hispanic,ext_ind,service_ind,income_poverty,per_capita_income,secondary_hazard_31,secondary_hazard_32,event_size_1,event_size_2,event_size_3,height_1,height_2,height_3,height_6,footprint_1,footprint_2,footprint_3,footprint_4,footprint_5,roughness_2,roughness_3,target
0.9321571591329776,-1.5184643613282398,-2.8900644909485416,1.6231505367007493,0.8220692108807909,-1.3144050121010498,-1.9393094675137368,1.3248111869074244,2.598658310704204,-1.838360602382029,-0.4801999124311393,-0.5938439895113262,-1.4091037629568148,1.82520491749959,5.803078286371349,-0.4451969302875173,-0.5157004372415007,-0.6636342680043704,-1.251306479486587,1.3128679246598078,-1.3854647753541216,-0.5383262986139895,1.0,0.0,0.0,0.0,1.0,0.0,1.0,0.0,0.0,0.0,0.0,0.0,0.0,1.0,1.0,0.0,2
-0.3718968976851777,0.0671730450878557,0.2109127405562134,0.0155622309413956,-0.1782646182721213,-0.0618662852917942,1.234032705293502,-1.1245965160591227,1.1644931109287706,-0.2909635485784507,1.5073034006388122,1.2560674325507983,-0.7966102163959718,1.401524654261471,1.2528086890744488,-0.4451969302875173,-0.5157004372415007,0.2428864346697447,-1.251306479486587,-0.3134884461421705,-0.8921596461632789,0.475123844155199,1.0,0.0,0.0,0.0,1.0,1.0,0.0,0.0,0.0,0.0,1.0,0.0,0.0,0.0,1.0,0.0,1
-0.1110860863215466,0.1361138018885555,0.2109127405562134,0.1250395707601326,0.1218355304737521,1.296149386932978,-0.0892723195524402,-0.454818671356215,-1.0891950601469105,2.0301320321269167,-0.5603624660557456,-0.6473977657023345,-0.3229026607225109,-0.8439807409005452,-0.4461763041889193,-0.4451969302875173,-0.5157004372415007,-0.6636342680043704,-0.2721404861649692,0.1910657698419,-0.3015669624916436,-0.7423761502148113,1.0,0.0,1.0,0.0,0.0,1.0,0.0,0.0,0.0,0.0,1.0,0.0,0.0,0.0,1.0,0.0,1
-0.5023023033669932,0.1361138018885555,0.2109127405562134,-2.6407037509763898,-2.529049116781465,-0.0618662852917942,-0.0892723195524402,-0.454818671356215,-1.0891950601469105,1.643282768676022,-0.5603624660557456,-0.6473977657023345,-0.3229026607225109,-0.8439807409005452,-0.4461763041889193,-0.4451969302875173,-0.5157004372415007,-0.6636342680043704,-0.2721404861649692,0.1910657698419,-0.3015669624916436,-0.7423761502148113,1.0,0.0,1.0,0.0,0.0,1.0,0.0,0.0,0.0,1.0,0.0,0.0,0.0,0.0,1.0,0.0,3
0.1931931936026896,0.4808175858920546,0.2109127405562134,0.2402788758324879,-0.1782646182721213,-0.0618662852917942,0.3233275858363059,-0.3223104138596988,-1.0891950601469105,0.4827349783233384,-0.5541222672705967,-0.6383013108947708,-0.7495835583266937,0.3282013207249027,-0.231374596125009,-0.4451969302875173,-0.5157004372415007,-0.5386044014029435,-0.3313485774102803,0.9950129051456206,-0.7273430832781714,-0.1121210863036244,1.0,0.0,1.0,0.0,0.0,1.0,0.0,0.0,0.0,1.0,0.0,0.0,0.0,0.0,1.0,0.0,2
-0.2414914920033621,0.4808175858920546,0.2109127405562134,0.0098002656877774,-0.1782646182721213,1.296149386932978,0.3233275858363059,-0.3223104138596988,-1.0891950601469105,0.4827349783233384,-0.5541222672705967,-0.6383013108947708,-0.7495835583266937,0.3282013207249027,-0.231374596125009,-0.4451969302875173,-0.5157004372415007,-0.5386044014029435,-0.3313485774102803,0.9950129051456206,-0.7273430832781714,-0.1121210863036244,1.0,0.0,1.0,0.0,0.0,0.0,1.0,0.0,0.0,0.0,1.0,0.0,0.0,0.0,1.0,0.0,1
-0.4153653662457828,0.2739953154899551,0.5166428901411833,0.4131378334410204,0.1218355304737521,-0.0289047398494452,-2.1282600817299544,2.807693942201813,0.9596123681037088,0.0958857148724438,-0.517881112787616,-0.6075527312635699,-0.9870108319935372,1.246175224407494,1.8953780333057468,0.7321626775053969,-0.0216749457563862,0.1238493819863267,-0.9319753811913774,3.607037606883409,-1.00890471154023,-1.4468103252845148,1.0,0.0,1.0,0.0,0.0,1.0,0.0,0.0,0.0,0.0,0.0,1.0,0.0,0.0,1.0,0.0,1
-0.8500500518518347,1.3081066675004522,0.2109127405562134,0.1308015360137503,-0.1782646182721213,-0.0289047398494452,0.375425657065574,0.0879991413686011,-0.2696720888466626,0.4827349783233384,-0.5452419843840385,-0.6189553295434737,0.2299473195065645,-1.1546796006085136,-0.4461763041889193,-0.4451969302875173,-0.5157004372415007,-0.4600329416587096,-0.4768353586331581,-0.0042603504099855,0.2501106993876746,-0.3797312061679744,1.0,0.0,1.0,0.0,0.0,1.0,0.0,0.0,0.0,0.0,1.0,0.0,0.0,0.0,1.0,0.0,1
-0.6327077090488088,1.3081066675004522,0.2109127405562134,0.1250395707601326,-0.1782646182721213,0.2347876236893453,0.375425657065574,0.0879991413686011,-0.2696720888466626,0.4827349783233384,-0.5452419843840385,-0.6189553295434737,0.2299473195065645,-1.1546796006085136,-0.4461763041889193,-0.4451969302875173,-0.5157004372415007,-0.4600329416587096,-0.4768353586331581,-0.0042603504099855,0.2501106993876746,-0.3797312061679744,1.0,0.0,1.0,0.0,0.0,0.0,1.0,0.0,0.0,0.0,1.0,0.0,0.0,0.0,1.0,0.0,1
-0.8500500518518347,1.3081066675004522,0.2109127405562134,0.1308015360137503,-0.1782646182721213,-0.0289047398494452,0.375425657065574,0.0879991413686011,-0.2696720888466626,0.4827349783233384,-0.5452419843840385,-0.6189553295434737,0.2299473195065645,-1.1546796006085136,-0.4461763041889193,-0.4451969302875173,-0.5157004372415007,-0.4600329416587096,-0.4768353586331581,-0.0042603504099855,0.2501106993876746,-0.3797312061679744,1.0,0.0,1.0,0.0,0.0,1.0,0.0,0.0,0.0,0.0,1.0,0.0,0.0,0.0,1.0,0.0,1
-0.8500500518518347,1.3081066675004522,0.2109127405562134,0.1308015360137503,-0.1782646182721213,1.296149386932978,0.375425657065574,0.0879991413686011,-0.2696720888466626,0.0958857148724438,-0.5452419843840385,-0.6189553295434737,0.2299473195065645,-1.1546796006085136,-0.4461763041889193,-0.4451969302875173,-0.5157004372415007,-0.4600329416587096,-0.4768353586331581,-0.0042603504099855,0.2501106993876746,-0.3797312061679744,1.0,0.0,1.0,0.0,0.0,1.0,0.0,0.0,0.0,0.0,1.0,0.0,0.0,0.0,1.0,0.0,1
-0.8500500518518347,0.4118768290913547,0.2109127405562134,0.0270861614486308,-0.1782646182721213,1.2994455414772128,-0.0711320995164233,0.6345254665631376,-0.2696720888466626,-0.2909635485784507,-0.1900306689217116,-0.1248000310537156,0.8722626492332911,-1.027575521637063,-0.4461763041889193,-0.4451969302875173,-0.5157004372415007,-0.1501044334552441,-0.1867871331721936,0.5253288600787185,0.8201013126986716,-0.750015605534947,0.0,1.0,1.0,0.0,0.0,1.0,0.0,0.0,0.0,0.0,1.0,0.0,0.0,0.0,1.0,0.0,1
0.9321571591329776,0.0671730450878557,0.2109127405562134,0.1250395707601326,-0.1782646182721213,-0.0618662852917942,1.234032705293502,-1.1245965160591227,1.3693738537538327,-0.2909635485784507,1.5073034006388122,1.2560674325507983,-0.7966102163959718,1.401524654261471,1.2528086890744488,-0.4451969302875173,-0.5157004372415007,0.2428864346697447,-1.251306479486587,-0.3134884461421705,-0.8921596461632789,0.475123844155199,1.0,0.0,0.0,0.0,1.0,1.0,0.0,0.0,0.0,1.0,0.0,0.0,0.0,0.0,1.0,0.0,4
-0.1545545548821518,-0.2085899821149435,0.2109127405562134,0.1250395707601326,-0.1782646182721213,-0.0289047398494452,0.3130010753687833,-0.5660938770653126,-0.8843143173218483,0.869584241774233,-0.5519621984603528,-0.6363795246678209,-0.8539597994072867,0.2434652680772938,-0.4461763041889193,-0.4451969302875173,-0.5157004372415007,-0.6636342680043704,1.3317762054854232,0.0009109708486937,-0.8314979945458435,-0.6404658162442024,0.0,1.0,0.0,1.0,0.0,0.0,1.0,0.0,0.0,0.0,1.0,0.0,0.0,0.0,1.0,0.0,3
-1.0239239260942554,-0.2775307389156433,-0.4005475586137264,0.5283771385133756,0.1218355304737521,-1.7429051028515847,-2.1893832127619097,2.3593142919412147,0.9596123681037088,0.4827349783233384,0.0725376953457111,-0.0420351042130665,-1.3081684968569005,-1.1688022760497694,0.1167429052187002,1.3679352503790962,-0.2467303156204053,-0.1972010052417939,1.796780499978602,0.8275249255012044,-1.2847435424798892,-1.186534082527495,1.0,0.0,1.0,0.0,0.0,1.0,0.0,0.0,0.0,0.0,1.0,0.0,0.0,0.0,1.0,0.0,1
-0.8065815832912294,-0.001767711712844,-2.8900644909485416,0.0098002656877774,-0.1782646182721213,1.296149386932978,-0.7348018604698897,1.6248503383792068,-0.2696720888466626,1.2564335052251274,-0.46939956837992,-0.5215848273780042,-0.6119445590995379,-0.0531109161893896,-0.2806540075965436,0.3493168689953206,-0.5157004372415007,-0.6636342680043704,-0.0591804678132077,2.8734349397292904,-0.679271585770015,-1.192569252230402,1.0,0.0,1.0,0.0,0.0,1.0,0.0,0.0,0.0,0.0,0.0,1.0,0.0,0.0,1.0,0.0,1
-0.8500500518518347,1.3081066675004522,0.2109127405562134,-0.0478193868483998,-0.1782646182721213,1.553249441383299,0.375425657065574,0.0879991413686011,-0.6794335744967864,-0.2909635485784507,-0.5452419843840385,-0.6189553295434737,0.2299473195065645,-1.1546796006085136,-0.4461763041889193,-0.4451969302875173,-0.5157004372415007,-0.4600329416587096,-0.4768353586331581,-0.0042603504099855,0.2501106993876746,-0.3797312061679744,1.0,0.0,1.0,0.0,0.0,0.0,1.0,0.0,0.0,0.0,1.0,0.0,0.0,0.0,1.0,0.0,1
-1.4586086117003072,0.4808175858920546,0.9097245110361658,0.4131378334410204,0.1218355304737521,-0.0618662852917942,-0.4731652266226001,0.6407525944534703,-0.4745528316717244,-1.0646620754802398,-0.4864401112162884,-0.5486179536371015,1.5604576453690695,-0.5474045566338618,-0.4461763041889193,-0.4451969302875173,-0.5157004372415007,-0.6636342680043704,1.6297706500051057,0.5165327809284418,1.4908131588839009,-0.5773639152998824,0.0,1.0,1.0,0.0,0.0,1.0,0.0,0.0,0.0,0.0,0.0,1.0,0.0,0.0,1.0,0.0,1
-1.0239239260942554,0.6186990994934541,0.2109127405562134,0.1250395707601326,-0.1782646182721213,1.296149386932978,-0.3542326581745409,0.1188703592537958,-0.6794335744967864,1.643282768676022,-0.4734796983548251,-0.5505397398640517,1.380379954713541,-0.5615272320751326,-0.4461763041889193,-0.4451969302875173,-0.5157004372415007,-0.24434210016295,0.6372793549097819,0.1806989622719307,1.303105406709195,-0.5741553440654255,1.0,0.0,1.0,0.0,0.0,0.0,1.0,0.0,0.0,0.0,1.0,0.0,0.0,0.0,1.0,0.0,0
-1.4586086117003072,-1.104819820524041,-2.8900644909485416,-2.352605488295502,1.6223362742031209,-1.7429051028515847,-0.7521111543122039,1.647709582800407,0.549850882453585,-0.2909635485784507,0.13757976729861,0.2030566992639639,-0.6406193506051954,-1.0840662234021603,-0.4461763041889193,-0.4451969302875173,-0.5157004372415007,-0.6636342680043704,1.1712122709156911,0.6008808970659161,-0.6186099341525796,-0.5504730325730051,0.0,1.0,1.0,0.0,0.0,0.0,0.0,1.0,0.0,0.0,1.0,0.0,0.0,0.0,1.0,0.0,2
0.9321571591329776,-1.104819820524041,0.2109127405562134,0.1308015360137503,-0.1782646182721213,-0.0618662852917942,1.094697394884404,-0.7912455356436412,1.3693738537538327,-0.2909635485784507,1.5173837217532835,2.5230370324380726,-0.1061212369397406,-1.098188898843416,-0.2605315104208228,-0.4451969302875173,-0.5157004372415007,-0.6636342680043704,-1.251306479486587,0.0651175156351911,-0.0852452237049399,-0.4672793641367284,1.0,0.0,0.0,0.0,1.0,1.0,0.0,0.0,0.0,1.0,0.0,0.0,0.0,0.0,1.0,0.0,3
1.8015265303450807,-0.9669383069226414,0.2109127405562134,0.1250395707601326,-0.1782646182721213,-0.0618662852917942,0.8254522802273061,-0.5530909465342252,1.3693738537538327,-0.2909635485784507,-0.4665194766329282,-0.5210723510508174,-0.4983923847371344,-0.5474045566338618,-0.0999741641759813,-0.4451969302875173,0.2303769552147422,-0.346967925430484,0.1304080537819078,0.4386367338380108,-0.4766845605570703,-0.0362612949746779,1.0,0.0,0.0,0.0,1.0,0.0,1.0,0.0,0.0,0.0,1.0,0.0,0.0,0.0,1.0,0.0,4
1.3668418447390294,-0.9669383069226414,-2.933740226603523,1.9688684519178143,2.9227702521019068,-1.7429051028515847,0.8254522802273061,-0.5530909465342252,1.7791353394039564,-1.4515113389311345,-0.4665194766329282,-0.5210723510508174,-0.4983923847371344,-0.5474045566338618,-0.0999741641759813,-0.4451969302875173,0.2303769552147422,-0.346967925430484,0.1304080537819078,0.4386367338380108,-0.4766845605570703,-0.0362612949746779,1.0,0.0,0.0,1.0,0.0,0.0,1.0,0.0,0.0,0.0,0.0,1.0,0.0,0.0,1.0,0.0,2
0.1062562564814792,-0.6911752797198422,-2.5843343413635465,1.6231505367007493,0.9221025937960822,-1.644020466524538,0.0671320168839256,-0.1541713502815549,2.1888968250540803,-1.4515113389311345,-0.5363617014974802,-0.6289486179236139,-1.746319311063346,2.135903777207558,-0.0331327668035048,-0.4451969302875173,-0.1773736800591897,0.2697635669270845,-0.5548825921804822,0.15483027345223,-1.721965257911216,-0.0675066672340325,1.0,0.0,0.0,1.0,0.0,0.0,0.0,0.0,1.0,0.0,0.0,0.0,1.0,0.0,1.0,0.0,1
0.2366616621632948,-0.3464714957163431,0.167237004901207,1.1621933164113285,-0.1782646182721213,-0.0618662852917942,-0.9610390362336496,1.4939682735164717,0.549850882453585,0.0958857148724438,0.7601595999400127,1.0549204741300258,1.4239656378021404,0.7095135576392243,1.5292805507081515,0.1912333144792857,-0.5157004372415007,1.2432619050939515,0.0589572151965546,0.4345045098415899,1.3385867501080724,-0.2130382910826156,1.0,0.0,0.0,1.0,0.0,0.0,1.0,0.0,0.0,0.0,0.0,1.0,0.0,0.0,1.0,0.0,0
-1.4586086117003072,-1.7252866317303392,0.2109127405562134,0.0098002656877774,-0.1782646182721213,-0.0289047398494452,-2.931970939799218,2.739479788592108,0.9596123681037088,0.0958857148724438,4.003622922343989,2.913800231917917,-0.5844167592541067,-2.030285477967278,2.880039101140259,-0.4451969302875173,-0.5157004372415007,0.6521015330452713,-1.251306479486587,-0.0234836497617578,-0.5625265203930638,-0.1857654355897315,0.0,1.0,1.0,0.0,0.0,1.0,0.0,0.0,0.0,0.0,1.0,0.0,0.0,0.0,1.0,0.0,1
1.3668418447390294,-1.5184643613282398,-2.5843343413635465,0.5283771385133756,0.9221025937960822,-1.7429051028515847,-1.9393094675137368,1.3248111869074244,2.1888968250540803,-1.838360602382029,-0.4801999124311393,-0.5938439895113262,-1.4091037629568148,1.82520491749959,5.803078286371349,-0.4451969302875173,-0.5157004372415007,-0.6636342680043704,-1.251306479486587,1.3128679246598078,-1.3854647753541216,-0.5383262986139895,1.0,0.0,0.0,0.0,1.0,1.0,0.0,0.0,0.0,0.0,1.0,0.0,0.0,0.0,1.0,0.0,3
-1.0673923946548605,-1.7252866317303392,0.2109127405562134,0.0098002656877774,-0.1782646182721213,-0.0289047398494452,-2.931970939799218,2.739479788592108,0.9596123681037088,0.0958857148724438,4.003622922343989,2.913800231917917,-0.5844167592541067,-2.030285477967278,2.880039101140259,-0.4451969302875173,-0.5157004372415007,0.6521015330452713,-1.251306479486587,-0.0234836497617578,-0.5625265203930638,-0.1857654355897315,0.0,1.0,1.0,0.0,0.0,1.0,0.0,0.0,0.0,0.0,1.0,0.0,0.0,0.0,1.0,0.0,0
-0.5892392404882035,-0.3464714957163431,0.2109127405562134,-2.352605488295502,-0.1782646182721213,-0.0289047398494452,-1.1398183129462285,1.479544077065616,2.1888968250540803,-1.4515113389311345,3.507287111279062,3.2451161774441077,-0.192145611456713,-0.1943376706020959,-0.1413711568106743,-0.4451969302875173,0.6900818591810047,-0.4329895896988397,-0.6450018798376441,-0.4988343996658573,-0.1710871835409334,0.142501959516495,1.0,0.0,1.0,0.0,0.0,1.0,0.0,0.0,0.0,1.0,0.0,0.0,0.0,0.0,1.0,0.0,3
-0.5892392404882035,-0.3464714957163431,0.5603186257961896,-2.352605488295502,-0.1782646182721213,-0.0289047398494452,-1.1398183129462285,1.479544077065616,2.1888968250540803,-1.4515113389311345,3.507287111279062,3.2451161774441077,-0.192145611456713,-0.1943376706020959,-0.1413711568106743,-0.4451969302875173,0.6900818591810047,-0.4329895896988397,-0.6450018798376441,-0.4988343996658573,-0.1710871835409334,0.142501959516495,1.0,0.0,1.0,0.0,0.0,1.0,0.0,0.0,0.0,1.0,0.0,0.0,0.0,0.0,1.0,0.0,3
-1.0239239260942554,-2.897279497342236,0.2109127405562134,-2.352605488295502,-0.1782646182721213,-0.0289047398494452,-0.4238802910611694,0.9530807382268752,1.9840160822290185,-1.4515113389311345,1.2584154721696008,1.6982063838311083,-0.9893048153139898,1.1190711454360585,0.7467484371871204,0.9705168172902484,-0.5157004372415007,-0.1780382481072401,-1.251306479486587,-0.8619493544671617,-0.9665560113544732,-0.0806465303846657,0.0,1.0,1.0,0.0,0.0,1.0,0.0,0.0,0.0,0.0,1.0,0.0,0.0,0.0,1.0,0.0,1
-1.4586086117003072,-2.897279497342236,0.2109127405562134,0.0098002656877774,-0.1782646182721213,-0.0289047398494452,-1.0260715248395915,1.184383503495177,1.3693738537538327,-1.0646620754802398,3.316001017749687,2.893044940666857,-0.7427016083653358,-0.6038952583989441,-0.1871204005047603,-0.4451969302875173,-0.2902443018962662,0.8042994163834656,-0.4875665725004708,1.3554588298860788,-0.720475726491292,0.2460929736575338,1.0,0.0,1.0,0.0,0.0,1.0,0.0,0.0,0.0,1.0,0.0,0.0,0.0,0.0,1.0,0.0,1
-1.4586086117003072,-2.897279497342236,0.2109127405562134,0.1250395707601326,-0.1782646182721213,-0.0289047398494452,-0.4238802910611694,0.9530807382268752,-0.2696720888466626,0.0958857148724438,1.2584154721696008,1.6982063838311083,-0.9893048153139898,1.1190711454360585,0.7467484371871204,0.9705168172902484,-0.5157004372415007,-0.1780382481072401,-1.251306479486587,-0.8619493544671617,-0.9665560113544732,-0.0806465303846657,0.0,1.0,1.0,0.0,0.0,0.0,1.0,0.0,0.0,0.0,1.0,0.0,0.0,0.0,1.0,0.0,1
-1.4586086117003072,-2.897279497342236,0.2109127405562134,0.1250395707601326,-0.1782646182721213,0.2347876236893453,-1.0260715248395915,1.184383503495177,1.3693738537538327,-1.0646620754802398,3.316001017749687,2.893044940666857,-0.7427016083653358,-0.6038952583989441,-0.1871204005047603,-0.4451969302875173,-0.2902443018962662,0.8042994163834656,-0.4875665725004708,1.3554588298860788,-0.720475726491292,0.2460929736575338,1.0,0.0,1.0,0.0,0.0,0.0,1.0,0.0,0.0,0.0,1.0,0.0,0.0,0.0,1.0,0.0,1
0.8886886905723724,0.8944621266962534,-2.933740226603523,1.104573663875151,-0.07823123535683,-1.7429051028515847,0.4693053002155464,-0.7734717789995462,-0.4745528316717244,-0.6778128120293452,-0.4871601341530364,-0.532474949330721,0.5820737591960379,-0.6603859601640415,-0.4461763041889193,0.3410440488662791,3.791479502350072,-0.0568462757088768,-0.8153986428525616,-0.8697522499551406,0.6014904549830081,1.6566420039673708,0.0,1.0,1.0,0.0,0.0,1.0,0.0,0.0,0.0,0.0,0.0,0.0,1.0,0.0,1.0,0.0,3
0.8886886905723724,0.8944621266962534,-2.933740226603523,1.104573663875151,-0.07823123535683,-1.7429051028515847,0.4693053002155464,-0.7734717789995462,-0.4745528316717244,-0.6778128120293452,-0.4871601341530364,-0.532474949330721,0.5820737591960379,-0.6603859601640415,-0.4461763041889193,0.3410440488662791,3.791479502350072,-0.0568462757088768,-0.8153986428525616,-0.8697522499551406,0.6014904549830081,1.6566420039673708,0.0,1.0,1.0,0.0,0.0,0.0,1.0,0.0,0.0,0.0,0.0,1.0,0.0,0.0,1.0,0.0,3
0.8886886905723724,0.8944621266962534,-2.933740226603523,0.7012360961219082,2.4226033375254503,-1.7429051028515847,0.4693053002155464,-0.7734717789995462,-0.4745528316717244,-0.6778128120293452,-0.4871601341530364,-0.532474949330721,0.5820737591960379,-0.6603859601640415,-0.4461763041889193,0.3410440488662791,3.791479502350072,-0.0568462757088768,-0.8153986428525616,-0.8697522499551406,0.6014904549830081,1.6566420039673708,0.0,1.0,1.0,0.0,0.0,1.0,0.0,0.0,0.0,0.0,0.0,1.0,0.0,0.0,1.0,0.0,4
0.062787787920874,0.8944621266962534,-0.4005475586137264,0.5283771385133756,-0.7784649157638688,-1.7429051028515847,0.4693053002155464,-0.7734717789995462,-0.2696720888466626,-1.0646620754802398,-0.4871601341530364,-0.532474949330721,0.5820737591960379,-0.6603859601640415,-0.4461763041889193,0.3410440488662791,3.791479502350072,-0.0568462757088768,-0.8153986428525616,-0.8697522499551406,0.6014904549830081,1.6566420039673708,0.0,1.0,1.0,0.0,0.0,1.0,0.0,0.0,0.0,0.0,0.0,0.0,1.0,0.0,1.0,0.0,1
-0.8065815832912294,0.8944621266962534,-2.5843343413635465,3.3517401127860755,2.4226033375254503,-1.7429051028515847,1.368832960693596,-1.1532809675896234,-0.8843143173218483,1.2564335052251274,-0.4156378557694056,-0.4251111587851112,1.626983161662195,1.2320525489662382,-0.3750529655114265,-0.4451969302875173,-0.4909417375462788,-0.0989562564195204,-0.9548100926583024,-1.287767787782581,1.6441841271242092,2.284987204048524,1.0,0.0,0.0,1.0,0.0,0.0,1.0,0.0,0.0,0.0,0.0,1.0,0.0,0.0,1.0,0.0,2
0.4974724735269258,-0.2775307389156433,0.167237004901207,1.104573663875151,0.9221025937960822,-1.676982011966887,0.5380669455341907,-0.3273873079358935,1.5742545965788943,-0.6778128120293452,0.1534202719070651,0.2783907193604061,0.2632100776531271,1.076703119112261,0.6399935057338361,-0.4451969302875173,-0.2558268851336308,-0.5632613133479156,-0.2622133272504607,0.6046264802205669,0.2226412722401567,-0.0144124527590901,1.0,0.0,0.0,0.0,1.0,0.0,0.0,0.0,1.0,0.0,0.0,1.0,0.0,0.0,1.0,0.0,2
-0.3718968976851777,0.8944621266962534,-2.1475769848135826,0.5859967910495529,2.4226033375254503,-1.644020466524538,1.368832960693596,-1.1532809675896234,0.549850882453585,0.0958857148724438,-0.4156378557694056,-0.4251111587851112,1.626983161662195,1.2320525489662382,-0.3750529655114265,-0.4451969302875173,-0.4909417375462788,-0.0989562564195204,-0.9548100926583024,-1.287767787782581,1.6441841271242092,2.284987204048524,1.0,0.0,0.0,1.0,0.0,0.0,1.0,0.0,0.0,0.0,0.0,0.0,1.0,0.0,1.0,0.0,1
-0.3718968976851777,0.8944621266962534,0.2109127405562134,0.1250395707601326,-0.1782646182721213,1.6191725322679962,1.368832960693596,-1.1532809675896234,0.1400893968034612,0.869584241774233,-0.4156378557694056,-0.4251111587851112,1.626983161662195,1.2320525489662382,-0.3750529655114265,-0.4451969302875173,-0.4909417375462788,-0.0989562564195204,-0.9548100926583024,-1.287767787782581,1.6441841271242092,2.284987204048524,1.0,0.0,0.0,1.0,0.0,0.0,1.0,0.0,0.0,0.0,1.0,0.0,0.0,0.0,1.0,0.0,2
-0.0676176177609414,0.8944621266962534,0.2109127405562134,0.1250395707601326,-0.1782646182721213,1.3027416960214475,1.368832960693596,-1.1532809675896234,0.1400893968034612,-0.2909635485784507,-0.4156378557694056,-0.4251111587851112,1.626983161662195,1.2320525489662382,-0.3750529655114265,-0.4451969302875173,-0.4909417375462788,-0.0989562564195204,-0.9548100926583024,-1.287767787782581,1.6441841271242092,2.284987204048524,1.0,0.0,0.0,1.0,0.0,0.0,1.0,0.0,0.0,0.0,1.0,0.0,0.0,0.0,1.0,0.0,2
-0.1545545548821518,0.8944621266962534,0.2109127405562134,0.0270861614486308,-0.1782646182721213,1.2664839960348642,1.368832960693596,-1.1532809675896234,-0.0647913460216007,0.869584241774233,-0.4156378557694056,-0.4251111587851112,1.626983161662195,1.2320525489662382,-0.3750529655114265,-0.4451969302875173,-0.4909417375462788,-0.0989562564195204,-0.9548100926583024,-1.287767787782581,1.6441841271242092,2.284987204048524,1.0,0.0,0.0,1.0,0.0,0.0,1.0,0.0,0.0,0.0,1.0,0.0,0.0,0.0,1.0,0.0,1
1.1494995019360037,0.8944621266962534,0.0798855335912192,0.0098002656877774,-0.1782646182721213,1.3027416960214475,1.368832960693596,-1.1532809675896234,-0.0647913460216007,0.869584241774233,-0.4156378557694056,-0.4251111587851112,1.626983161662195,1.2320525489662382,-0.3750529655114265,-0.4451969302875173,-0.4909417375462788,-0.0989562564195204,-0.9548100926583024,-1.287767787782581,1.6441841271242092,2.284987204048524,1.0,0.0,0.0,1.0,0.0,0.0,1.0,0.0,0.0,0.0,1.0,0.0,0.0,0.0,1.0,0.0,3
0.062787787920874,0.8944621266962534,0.9097245110361658,0.4131378334410204,0.1218355304737521,-0.0289047398494452,1.368832960693596,-1.1532809675896234,-0.0647913460216007,0.869584241774233,-0.4156378557694056,-0.4251111587851112,1.626983161662195,1.2320525489662382,-0.3750529655114265,-0.4451969302875173,-0.4909417375462788,-0.0989562564195204,-0.9548100926583024,-1.287767787782581,1.6441841271242092,2.284987204048524,1.0,0.0,0.0,1.0,0.0,1.0,0.0,0.0,0.0,0.0,0.0,1.0,0.0,0.0,1.0,0.0,4
1.4537787818602397,0.8944621266962534,0.2109127405562134,0.1250395707601326,-0.1782646182721213,1.296149386932978,1.368832960693596,-1.1532809675896234,-0.0647913460216007,0.869584241774233,-0.4156378557694056,-0.4251111587851112,1.626983161662195,1.2320525489662382,-0.3750529655114265,-0.4451969302875173,-0.4909417375462788,-0.0989562564195204,-0.9548100926583024,-1.287767787782581,1.6441841271242092,2.284987204048524,1.0,0.0,0.0,1.0,0.0,0.0,1.0,0.0,0.0,0.0,1.0,0.0,0.0,0.0,1.0,0.0,4
-0.3718968976851777,0.8944621266962534,0.2109127405562134,0.1308015360137503,-0.1782646182721213,1.6191725322679962,1.368832960693596,-1.1532809675896234,-0.0647913460216007,0.869584241774233,-0.4156378557694056,-0.4251111587851112,1.626983161662195,1.2320525489662382,-0.3750529655114265,-0.4451969302875173,-0.4909417375462788,-0.0989562564195204,-0.9548100926583024,-1.287767787782581,1.6441841271242092,2.284987204048524,1.0,0.0,0.0,1.0,0.0,1.0,0.0,0.0,0.0,0.0,1.0,0.0,0.0,0.0,1.0,0.0,2
0.9321571591329776,0.8944621266962534,0.2109127405562134,0.1250395707601326,-0.1782646182721213,0.2347876236893453,1.368832960693596,-1.1532809675896234,-0.0647913460216007,0.869584241774233,-0.4156378557694056,-0.4251111587851112,1.626983161662195,1.2320525489662382,-0.3750529655114265,-0.4451969302875173,-0.4909417375462788,-0.0989562564195204,-0.9548100926583024,-1.287767787782581,1.6441841271242092,2.284987204048524,1.0,0.0,0.0,1.0,0.0,1.0,0.0,0.0,0.0,0.0,1.0,0.0,0.0,0.0,1.0,0.0,3
-0.8065815832912294,0.8944621266962534,0.0798855335912192,0.0270861614486308,-0.1782646182721213,0.2347876236893453,1.368832960693596,-1.1532809675896234,-0.0647913460216007,0.869584241774233,-0.4156378557694056,-0.4251111587851112,1.626983161662195,1.2320525489662382,-0.3750529655114265,-0.4451969302875173,-0.4909417375462788,-0.0989562564195204,-0.9548100926583024,-1.287767787782581,1.6441841271242092,2.284987204048524,1.0,0.0,0.0,1.0,0.0,0.0,1.0,0.0,0.0,0.0,1.0,0.0,0.0,0.0,1.0,0.0,1
1.8015265303450807,-0.2775307389156433,-1.667143892608637,0.5283771385133756,3.1228370179324894,-1.7429051028515847,0.5380669455341907,-0.3273873079358935,1.5742545965788943,-1.0646620754802398,0.1534202719070651,0.2783907193604061,0.2632100776531271,1.076703119112261,0.6399935057338361,-0.4451969302875173,-0.2558268851336308,-0.5632613133479156,-0.2622133272504607,0.6046264802205669,0.2226412722401567,-0.0144124527590901,1.0,0.0,0.0,0.0,1.0,0.0,1.0,0.0,0.0,0.0,0.0,0.0,1.0,0.0,1.0,0.0,4
1.3668418447390294,0.8944621266962534,0.2109127405562134,0.1250395707601326,-0.1782646182721213,0.2347876236893453,1.368832960693596,-1.1532809675896234,-0.0647913460216007,0.869584241774233,-0.4156378557694056,-0.4251111587851112,1.626983161662195,1.2320525489662382,-0.3750529655114265,-0.4451969302875173,-0.4909417375462788,-0.0989562564195204,-0.9548100926583024,-1.287767787782581,1.6441841271242092,2.284987204048524,1.0,0.0,0.0,1.0,0.0,0.0,1.0,0.0,0.0,0.0,1.0,0.0,0.0,0.0,1.0,0.0,4
0.7148148163299517,1.2391659106997523,0.9097245110361658,0.1250395707601326,-0.1782646182721213,-0.0618662852917942,0.6554628010818474,-0.7941396296886387,-0.0647913460216007,0.869584241774233,0.5400725889407195,0.989964099659114,-0.192145611456713,-0.4909138548687794,-0.4461763041889193,4.175559638245628,1.8958668453047267,0.4895861553143092,0.1080113052082699,-1.3527995691157322,-0.1710871835409334,0.8389147065000563,1.0,0.0,0.0,1.0,0.0,1.0,0.0,0.0,0.0,1.0,0.0,0.0,0.0,0.0,1.0,0.0,4
0.4974724735269258,1.2391659106997523,0.9097245110361658,0.1250395707601326,-0.1782646182721213,-0.0618662852917942,0.6554628010818474,-0.7941396296886387,-0.0647913460216007,0.869584241774233,0.5400725889407195,0.989964099659114,-0.192145611456713,-0.4909138548687794,-0.4461763041889193,4.175559638245628,1.8958668453047267,0.4895861553143092,0.1080113052082699,-1.3527995691157322,-0.1710871835409334,0.8389147065000563,1.0,0.0,0.0,1.0,0.0,1.0,0.0,0.0,0.0,1.0,0.0,0.0,0.0,0.0,1.0,0.0,4
2.236211215951133,1.2391659106997523,0.2109127405562134,0.1250395707601326,-0.1782646182721213,-0.0289047398494452,0.6554628010818474,-0.7941396296886387,0.549850882453585,0.0958857148724438,0.5400725889407195,0.989964099659114,-0.192145611456713,-0.4909138548687794,-0.4461763041889193,4.175559638245628,1.8958668453047267,0.4895861553143092,0.1080113052082699,-1.3527995691157322,-0.1710871835409334,0.8389147065000563,1.0,0.0,0.0,1.0,0.0,1.0,0.0,0.0,0.0,0.0,1.0,0.0,0.0,0.0,1.0,0.0,4
-0.8065815832912294,0.8944621266962534,0.2109127405562134,0.1308015360137503,-0.1782646182721213,1.2697801505790989,1.1492732279563396,-1.0381233922308524,0.549850882453585,0.0958857148724438,0.710718024949986,1.2561955516325949,1.8999671767960535,-0.3214417495735314,-0.1722077788648976,-0.4451969302875173,1.168727639111825,-0.3410938398714254,-0.8582359057431546,-0.1618648235366459,1.9165892796704287,0.3920829648253251,1.0,0.0,0.0,1.0,0.0,0.0,1.0,0.0,0.0,0.0,1.0,0.0,0.0,0.0,1.0,0.0,1
2.236211215951133,1.2391659106997523,0.2109127405562134,0.1250395707601326,-0.1782646182721213,-0.0618662852917942,0.6554628010818474,-0.7941396296886387,0.549850882453585,0.0958857148724438,0.5400725889407195,0.989964099659114,-0.192145611456713,-0.4909138548687794,-0.4461763041889193,4.175559638245628,1.8958668453047267,0.4895861553143092,0.1080113052082699,-1.3527995691157322,-0.1710871835409334,0.8389147065000563,1.0,0.0,0.0,1.0,0.0,1.0,0.0,0.0,0.0,0.0,1.0,0.0,0.0,0.0,1.0,0.0,4
0.062787787920874,0.8944621266962534,0.2109127405562134,0.1308015360137503,-0.1782646182721213,1.296149386932978,1.1492732279563396,-1.0381233922308524,0.3449701396285231,0.869584241774233,0.710718024949986,1.2561955516325949,1.8999671767960535,-0.3214417495735314,-0.1722077788648976,-0.4451969302875173,1.168727639111825,-0.3410938398714254,-0.8582359057431546,-0.1618648235366459,1.9165892796704287,0.3920829648253251,1.0,0.0,0.0,1.0,0.0,1.0,0.0,0.0,0.0,0.0,1.0,0.0,0.0,0.0,1.0,0.0,3
0.062787787920874,0.8944621266962534,0.2109127405562134,0.1250395707601326,-0.1782646182721213,-0.0289047398494452,1.1492732279563396,-1.0381233922308524,0.3449701396285231,0.869584241774233,0.710718024949986,1.2561955516325949,1.8999671767960535,-0.3214417495735314,-0.1722077788648976,-0.4451969302875173,1.168727639111825,-0.3410938398714254,-0.8582359057431546,-0.1618648235366459,1.9165892796704287,0.3920829648253251,1.0,0.0,0.0,1.0,0.0,1.0,0.0,0.0,0.0,0.0,1.0,0.0,0.0,0.0,1.0,0.0,4
-0.3718968976851777,0.8944621266962534,0.2109127405562134,0.1250395707601326,-0.1782646182721213,1.296149386932978,1.1492732279563396,-1.0381233922308524,0.549850882453585,0.4827349783233384,0.710718024949986,1.2561955516325949,1.8999671767960535,-0.3214417495735314,-0.1722077788648976,-0.4451969302875173,1.168727639111825,-0.3410938398714254,-0.8582359057431546,-0.1618648235366459,1.9165892796704287,0.3920829648253251,1.0,0.0,0.0,1.0,0.0,1.0,0.0,0.0,0.0,0.0,1.0,0.0,0.0,0.0,1.0,0.0,2
0.062787787920874,0.0671730450878557,0.2109127405562134,0.1250395707601326,-0.1782646182721213,0.2347876236893453,0.550846189946981,-0.177076868476887,0.3449701396285231,0.869584241774233,0.431109117846195,0.7580685616071404,1.5604576453690695,-0.7592446882529212,-0.0961859364209299,0.6361656573190301,0.6942858621819427,0.2450947821462175,0.1021673080373306,0.797560260263998,1.5468965726434163,-0.2898912116031798,1.0,0.0,0.0,1.0,0.0,1.0,0.0,0.0,0.0,0.0,1.0,0.0,0.0,0.0,1.0,0.0,1
-0.8065815832912294,0.3429360722906549,0.2109127405562134,0.0270861614486308,-0.1782646182721213,1.2994455414772128,0.987778217188674,-0.6500450802033898,0.549850882453585,0.4827349783233384,0.8715231474903637,1.600964000747435,-0.4330138601042355,-1.225292977814867,-0.4461763041889193,-0.4451969302875173,0.513849945793647,3.2926321089324504,1.9958627095220496,-0.4228353092053624,-0.4114446710817153,0.0198887016283187,1.0,0.0,0.0,1.0,0.0,1.0,0.0,0.0,0.0,0.0,1.0,0.0,0.0,0.0,1.0,0.0,1
0.9321571591329776,-0.2775307389156433,-0.4005475586137264,0.5283771385133756,2.972786943559552,-1.7429051028515847,0.5380669455341907,-0.3273873079358935,1.9840160822290185,-1.4515113389311345,0.1534202719070651,0.2783907193604061,0.2632100776531271,1.076703119112261,0.6399935057338361,-0.4451969302875173,-0.2558268851336308,-0.5632613133479156,-0.2622133272504607,0.6046264802205669,0.2226412722401567,-0.0144124527590901,1.0,0.0,0.0,0.0,1.0,1.0,0.0,0.0,0.0,0.0,0.0,1.0,0.0,0.0,1.0,0.0,3
0.7148148163299517,0.5497583426927544,0.2109127405562134,0.0270861614486308,-0.1782646182721213,1.2631878414906288,0.3528104489743141,0.0184166061524209,0.549850882453585,0.0958857148724438,1.0258480636000098,1.6713013766538072,0.5717508342540012,-1.0134528461958072,-0.1753083617694502,-0.0012337881323468,1.508186760506161,-0.3083129399652897,-0.0889844041922864,-0.111915659790432,0.5911894198026889,0.1337165858983391,1.0,0.0,0.0,1.0,0.0,1.0,0.0,0.0,0.0,1.0,0.0,0.0,0.0,0.0,1.0,0.0,3
-0.3718968976851777,0.5497583426927544,0.2109127405562134,0.1308015360137503,-0.1782646182721213,1.296149386932978,-0.1229848973511642,0.1803549839968788,0.549850882453585,0.0958857148724438,0.9723263586350782,1.0806724095711566,1.7382413527041458,-0.2508283723671782,0.0787362334873656,-0.4451969302875173,1.65625750215979,-0.1594988148571745,-1.02766915039284,-0.6642913066383485,1.7552063951787609,0.7331846448693796,1.0,0.0,0.0,1.0,0.0,0.0,1.0,0.0,0.0,0.0,1.0,0.0,0.0,0.0,1.0,0.0,2
-1.675950954503333,1.377047424301152,0.2109127405562134,0.1250395707601326,-0.1782646182721213,1.2994455414772128,0.3538365927677423,0.1871572287942804,0.549850882453585,0.4827349783233384,-0.0251454164064288,0.1272102028403351,0.9904027902365998,-0.9145941181068984,0.1167266798907672,-0.4451969302875173,1.1255740727989365,-0.3452968237782606,-0.4079606402457557,-0.4289973976210783,1.0089536243378572,0.3331827643070796,1.0,0.0,0.0,1.0,0.0,0.0,1.0,0.0,0.0,0.0,1.0,0.0,0.0,0.0,1.0,0.0,1
1.3668418447390294,1.377047424301152,0.2109127405562134,0.1250395707601326,-0.1782646182721213,-0.0289047398494452,0.3538365927677423,0.1871572287942804,0.1400893968034612,1.2564335052251274,-0.0251454164064288,0.1272102028403351,0.9904027902365998,-0.9145941181068984,0.1167266798907672,-0.4451969302875173,1.1255740727989365,-0.3452968237782606,-0.4079606402457557,-0.4289973976210783,1.0089536243378572,0.3331827643070796,1.0,0.0,0.0,1.0,0.0,1.0,0.0,0.0,0.0,0.0,1.0,0.0,0.0,0.0,1.0,0.0,3
1.5841841875420553,1.377047424301152,0.2109127405562134,0.1365635012673684,-0.1782646182721213,1.2631878414906288,0.3538365927677423,0.1871572287942804,0.1400893968034612,1.2564335052251274,-0.0251454164064288,0.1272102028403351,0.9904027902365998,-0.9145941181068984,0.1167266798907672,-0.4451969302875173,1.1255740727989365,-0.3452968237782606,-0.4079606402457557,-0.4289973976210783,1.0089536243378572,0.3331827643070796,1.0,0.0,0.0,1.0,0.0,1.0,0.0,0.0,0.0,0.0,1.0,0.0,0.0,0.0,1.0,0.0,4
-1.2412662688972813,0.2050545586892553,0.2109127405562134,0.2402788758324879,-0.1782646182721213,-0.0289047398494452,0.1120771150360771,-0.2847228881862046,-1.0891950601469105,0.4827349783233384,-0.5627625425115722,-0.6502163855018611,-1.2462309472046804,1.5851194349980038,-0.4461763041889193,-0.4451969302875173,-0.5157004372415007,-0.6636342680043704,-0.2252312913485834,0.4282095136365152,-1.222937331397974,-0.4086847418312883,0.0,1.0,1.0,0.0,0.0,1.0,0.0,0.0,0.0,1.0,0.0,0.0,0.0,0.0,0.0,1.0,0
-0.8065815832912294,0.2050545586892553,0.2109127405562134,0.1250395707601326,-0.1782646182721213,-0.0618662852917942,0.1120771150360771,-0.2847228881862046,-1.0891950601469105,0.0958857148724438,-0.5627625425115722,-0.6502163855018611,-1.2462309472046804,1.5851194349980038,-0.4461763041889193,-0.4451969302875173,-0.5157004372415007,-0.6636342680043704,-0.2252312913485834,0.4282095136365152,-1.222937331397974,-0.4086847418312883,1.0,0.0,1.0,0.0,0.0,1.0,0.0,0.0,0.0,1.0,0.0,0.0,0.0,0.0,0.0,1.0,1
-0.3718968976851777,0.4808175858920546,0.2109127405562134,-2.352605488295502,-0.1782646182721213,-0.0618662852917942,0.0661158842494575,-0.3965335475674006,-0.6794335744967864,-1.0646620754802398,-0.5423618926370466,-0.621517711179407,0.0177538623646994,-1.041698197078334,-0.3629179654867809,-0.4451969302875173,0.0929601200785246,1.9111593837410863,0.6466899422065695,0.5789511118217512,0.0223433659561718,-0.6595644545445414,1.0,0.0,1.0,0.0,0.0,1.0,0.0,0.0,0.0,1.0,0.0,0.0,0.0,0.0,0.0,1.0,1
-0.3718968976851777,0.4808175858920546,0.2109127405562134,0.1250395707601326,-0.1782646182721213,-0.0618662852917942,0.0661158842494575,-0.3965335475674006,-0.6794335744967864,-1.0646620754802398,-0.5423618926370466,-0.621517711179407,0.0177538623646994,-1.041698197078334,-0.3629179654867809,-0.4451969302875173,0.0929601200785246,1.9111593837410863,0.6466899422065695,0.5789511118217512,0.0223433659561718,-0.6595644545445414,1.0,0.0,1.0,0.0,0.0,1.0,0.0,0.0,0.0,1.0,0.0,0.0,0.0,0.0,0.0,1.0,1
-0.3718968976851777,0.4808175858920546,0.2109127405562134,0.1250395707601326,-0.1782646182721213,-0.0618662852917942,0.0661158842494575,-0.3965335475674006,-0.6794335744967864,-0.6778128120293452,-0.5423618926370466,-0.621517711179407,0.0177538623646994,-1.041698197078334,-0.3629179654867809,-0.4451969302875173,0.0929601200785246,1.9111593837410863,0.6466899422065695,0.5789511118217512,0.0223433659561718,-0.6595644545445414,1.0,0.0,1.0,0.0,0.0,1.0,0.0,0.0,0.0,1.0,0.0,0.0,0.0,0.0,0.0,1.0,1
1.8015265303450807,-0.2775307389156433,-0.4005475586137264,0.5283771385133756,2.972786943559552,-1.7429051028515847,0.5380669455341907,-0.3273873079358935,1.9840160822290185,-1.4515113389311345,0.1534202719070651,0.2783907193604061,0.2632100776531271,1.076703119112261,0.6399935057338361,-0.4451969302875173,-0.2558268851336308,-0.5632613133479156,-0.2622133272504607,0.6046264802205669,0.2226412722401567,-0.0144124527590901,1.0,0.0,0.0,0.0,1.0,1.0,0.0,0.0,0.0,0.0,0.0,0.0,1.0,0.0,1.0,0.0,4
0.4974724735269258,0.4808175858920546,-0.4005475586137264,0.8164754011942633,-0.0282145438991846,-0.0618662852917942,0.0661158842494575,-0.3965335475674006,-0.8843143173218483,-1.0646620754802398,-0.5423618926370466,-0.621517711179407,0.0177538623646994,-1.041698197078334,-0.3629179654867809,-0.4451969302875173,0.0929601200785246,1.9111593837410863,0.6466899422065695,0.5789511118217512,0.0223433659561718,-0.6595644545445414,1.0,0.0,1.0,0.0,0.0,1.0,0.0,0.0,0.0,0.0,1.0,0.0,0.0,0.0,0.0,1.0,4
0.7148148163299517,-2.897279497342236,0.167237004901207,-2.352605488295502,-0.1782646182721213,1.2994455414772128,-2.824706377119359,1.4284710515022296,1.3693738537538327,-1.0646620754802398,0.1983017016310213,-0.1078883122565551,-1.5582126787862334,-1.0699435479608896,0.1308952543496969,-0.4451969302875173,-0.5157004372415007,-0.6636342680043704,-0.5971426424373584,0.6276920229374324,-1.5342575057365104,-1.0849293267696916,0.0,1.0,0.0,1.0,0.0,0.0,0.0,1.0,0.0,0.0,0.0,1.0,0.0,0.0,1.0,0.0,4
-0.8065815832912294,-2.897279497342236,0.2109127405562134,0.1250395707601326,-0.1782646182721213,1.296149386932978,-2.205596284698074,1.8276154060863976,0.549850882453585,0.4827349783233384,0.0845380776248436,0.5876701828175687,-1.3322553217216528,-2.2562482850276084,2.227889087081786,-0.4451969302875173,-0.0007356217881839,6.724089457219882,-0.1968625256813531,5.428973830989684,-1.5457031003813095,-1.6816471818254832,0.0,1.0,0.0,1.0,0.0,1.0,0.0,0.0,0.0,0.0,1.0,0.0,0.0,0.0,1.0,0.0,1
-0.8065815832912294,-1.7252866317303392,0.2109127405562134,0.1250395707601326,-0.1782646182721213,0.894018532536322,-0.5263244807016566,-0.1293818284251352,0.549850882453585,1.2564335052251274,0.7071179102662463,0.6504485328979371,-1.2944045969341849,-0.8157353900180035,-0.2834022690945484,-0.4451969302875173,-0.5157004372415007,-0.6636342680043704,0.230072686549174,0.3895816770383912,-1.2710088289061303,-0.5045599060989902,0.0,1.0,0.0,1.0,0.0,1.0,0.0,0.0,0.0,0.0,1.0,0.0,0.0,0.0,1.0,0.0,0
0.5844094106481362,-0.3464714957163431,0.9097245110361658,0.4131378334410204,0.1218355304737521,1.296149386932978,-0.6263760033506384,-0.258386500165944,-1.0891950601469105,-0.6778128120293452,-0.5630025501571547,-0.6497039091746745,0.147363919970271,-1.0840662234021603,-0.1989648898959368,-0.3280044141777906,-0.5157004372415007,0.1353244778788584,1.0442928704046326,0.1339999981018495,-0.0325954883388639,-1.1954722452520536,1.0,0.0,1.0,0.0,0.0,0.0,1.0,0.0,0.0,0.0,0.0,1.0,0.0,0.0,0.0,1.0,4
1.4103103132996346,-0.3464714957163431,0.2109127405562134,-2.6407037509763898,-2.529049116781465,-0.0618662852917942,-0.6263760033506384,-0.258386500165944,-1.0891950601469105,-0.6778128120293452,-0.5630025501571547,-0.6497039091746745,0.147363919970271,-1.0840662234021603,-0.1989648898959368,-0.3280044141777906,-0.5157004372415007,0.1353244778788584,1.0442928704046326,0.1339999981018495,-0.0325954883388639,-1.1954722452520536,1.0,0.0,1.0,0.0,0.0,1.0,0.0,0.0,0.0,1.0,0.0,0.0,0.0,0.0,0.0,1.0,4
-0.676176177609414,-0.1396492253142437,0.9097245110361658,0.2402788758324879,-0.1782646182721213,-0.0618662852917942,-0.7726840859755679,-0.4502507887954721,-1.0891950601469105,-0.6778128120293452,-0.5570023590175884,-0.6459884558025711,-0.6555302421881373,0.653022855874142,-0.4461763041889193,-0.4451969302875173,-0.2189645299654597,-0.2660011210444308,0.5896469598285836,-0.2081167342334303,-0.6746933479120953,-0.5887467037268844,1.0,0.0,1.0,0.0,0.0,1.0,0.0,0.0,0.0,1.0,0.0,0.0,0.0,0.0,0.0,1.0,2
-0.0676176177609414,-0.1396492253142437,0.9097245110361658,0.4131378334410204,0.1218355304737521,-1.7429051028515847,0.2633206990284216,-1.0021600760293907,-1.0891950601469105,-0.2909635485784507,-0.5634825654483201,-0.6507288618290479,-1.140707714463861,0.8648629874932015,-0.3822469668631058,-0.0360442460532925,-0.1659747263048877,-0.453122951167811,0.8237684467985577,0.3828758749389357,-1.1256497769171814,-0.2102880871673668,1.0,0.0,1.0,0.0,0.0,1.0,0.0,0.0,0.0,1.0,0.0,0.0,0.0,0.0,0.0,1.0,4
-0.0676176177609414,-0.4154122525170429,0.2109127405562134,0.1250395707601326,-0.1782646182721213,-0.0289047398494452,0.1419053631582147,-0.1086379565356831,-1.0891950601469105,2.8038305590287056,-0.5428419079282119,-0.6242082118971372,0.6623631754118787,0.2434652680772938,-0.420613686347623,0.7477391170789058,-0.3377229077648219,-0.4917779366330053,0.1831589998056774,-0.2081167342334303,0.681609617496602,-0.5379443258479827,1.0,0.0,0.0,1.0,0.0,0.0,1.0,0.0,0.0,0.0,1.0,0.0,0.0,0.0,0.0,1.0,3
2.6708959015571847,-0.2775307389156433,0.2109127405562134,0.1250395707601326,-0.1782646182721213,-0.0289047398494452,0.5380669455341907,-0.3273873079358935,1.1644931109287706,-1.0646620754802398,0.1534202719070651,0.2783907193604061,0.2632100776531271,1.076703119112261,0.6399935057338361,-0.4451969302875173,-0.2558268851336308,-0.5632613133479156,-0.2622133272504607,0.6046264802205669,0.2226412722401567,-0.0144124527590901,1.0,0.0,0.0,0.0,1.0,1.0,0.0,0.0,0.0,0.0,1.0,0.0,0.0,0.0,1.0,0.0,4
-1.0673923946548605,-0.4154122525170429,0.9097245110361658,0.1250395707601326,0.1218355304737521,1.2631878414906288,0.1419053631582147,-0.1086379565356831,-1.0891950601469105,1.2564335052251274,-0.5428419079282119,-0.6242082118971372,0.6623631754118787,0.2434652680772938,-0.420613686347623,0.7477391170789058,-0.3377229077648219,-0.4917779366330053,0.1831589998056774,-0.2081167342334303,0.681609617496602,-0.5379443258479827,1.0,0.0,0.0,1.0,0.0,0.0,1.0,0.0,0.0,0.0,0.0,1.0,0.0,0.0,0.0,1.0,2
1.2364364390572138,-0.4154122525170429,0.2109127405562134,-2.6407037509763898,-2.529049116781465,-0.0618662852917942,0.1419053631582147,-0.1086379565356831,-1.294075802971972,-1.0646620754802398,-0.5428419079282119,-0.6242082118971372,0.6623631754118787,0.2434652680772938,-0.420613686347623,0.7477391170789058,-0.3377229077648219,-0.4917779366330053,0.1831589998056774,-0.2081167342334303,0.681609617496602,-0.5379443258479827,1.0,0.0,0.0,1.0,0.0,1.0,0.0,0.0,0.0,1.0,0.0,0.0,0.0,0.0,0.0,1.0,4
-0.1545545548821518,-0.5532937661184425,0.5603186257961896,1.680770189236927,1.2222027425419555,-1.7429051028515847,0.4593742305269543,-0.4297845595508119,0.549850882453585,-1.0646620754802398,-0.5519621984603528,-0.6333046667047006,-1.2932576052739586,-0.2649510478084491,-0.4461763041889193,-0.4451969302875173,-0.5157004372415007,-0.4138535464450497,1.0016869417602374,-0.1655016639545487,-1.27558706676405,-0.4889754172459135,1.0,0.0,0.0,1.0,0.0,0.0,1.0,0.0,0.0,0.0,0.0,1.0,0.0,0.0,0.0,1.0,2
0.1062562564814792,1.170225153899053,-0.4005475586137264,0.5283771385133756,2.3225699546101586,-1.644020466524538,-3.1317496235468694,4.4087004217768335,0.549850882453585,-0.2909635485784507,-0.2109113340874024,-0.3409369220446988,-0.2735820193327801,-0.1660923197195693,0.4412409648997702,-0.4451969302875173,3.0604994028204207,0.8186180564728534,-0.5742787334442143,0.3876968029347603,-0.2672301785572462,-0.4892046009055176,1.0,0.0,1.0,0.0,0.0,1.0,0.0,0.0,0.0,0.0,0.0,0.0,1.0,0.0,1.0,0.0,2
-0.676176177609414,-0.1396492253142437,0.9097245110361658,-0.0478193868483998,-0.1782646182721213,-0.7210971941387709,0.6462825683152758,-1.1789060615960836,-0.4745528316717244,0.4827349783233384,-0.5546022825617619,-0.6416324070214843,-1.015685623499195,1.2744205752900497,-0.4461763041889193,2.0919743141693465,-0.5157004372415007,0.330950226712043,1.264172702470331,-0.5826750496985081,-0.9928808790375112,0.8452554544157688,1.0,0.0,1.0,0.0,0.0,1.0,0.0,0.0,0.0,1.0,0.0,0.0,0.0,0.0,0.0,1.0,3
-0.5892392404882035,-0.1396492253142437,0.9097245110361658,-0.0478193868483998,0.1218355304737521,-0.0289047398494452,0.6462825683152758,-1.1789060615960836,-0.4745528316717244,0.4827349783233384,-0.5546022825617619,-0.6416324070214843,-1.015685623499195,1.2744205752900497,-0.4461763041889193,2.0919743141693465,-0.5157004372415007,0.330950226712043,1.264172702470331,-0.5826750496985081,-0.9928808790375112,0.8452554544157688,1.0,0.0,1.0,0.0,0.0,0.0,1.0,0.0,0.0,0.0,1.0,0.0,0.0,0.0,0.0,1.0,2
-0.6327077090488088,-0.7601160365205419,-2.5843343413635465,-0.0478193868483998,-0.1782646182721213,1.2631878414906288,-0.3315423663910791,0.1769902195635675,-0.4745528316717244,-0.6778128120293452,-0.5433219232193772,-0.6251050454697138,-0.7037038919176417,-0.9993301707545365,-0.4461763041889193,-0.1630903024561872,-0.5157004372415007,-0.5184888491878149,-0.0845710858060853,0.1841787298478645,-0.6838498236279347,-0.621290783390662,1.0,0.0,1.0,0.0,0.0,1.0,0.0,0.0,0.0,0.0,1.0,0.0,0.0,0.0,0.0,1.0,1
-0.0676176177609414,-0.7601160365205419,0.9097245110361658,0.4131378334410204,0.1218355304737521,-0.0289047398494452,-0.3315423663910791,0.1769902195635675,-0.4745528316717244,0.869584241774233,-0.5433219232193772,-0.6251050454697138,-0.7037038919176417,-0.9993301707545365,-0.4461763041889193,-0.1630903024561872,-0.5157004372415007,-0.5184888491878149,-0.0845710858060853,0.1841787298478645,-0.6838498236279347,-0.621290783390662,1.0,0.0,1.0,0.0,0.0,1.0,0.0,0.0,0.0,0.0,1.0,0.0,0.0,0.0,0.0,1.0,4
0.062787787920874,-0.7601160365205419,0.9097245110361658,0.4131378334410204,0.1218355304737521,-0.0289047398494452,-0.3315423663910791,0.1769902195635675,-0.4745528316717244,0.869584241774233,-0.5433219232193772,-0.6251050454697138,-0.7037038919176417,-0.9993301707545365,-0.4461763041889193,-0.1630903024561872,-0.5157004372415007,-0.5184888491878149,-0.0845710858060853,0.1841787298478645,-0.6838498236279347,-0.621290783390662,1.0,0.0,1.0,0.0,0.0,1.0,0.0,0.0,0.0,0.0,1.0,0.0,0.0,0.0,0.0,1.0,4
-0.0676176177609414,0.2050545586892553,0.2109127405562134,0.1250395707601326,-0.2282813097297672,1.296149386932978,-0.1004447729521064,-0.2908773001457583,-0.2696720888466626,0.0958857148724438,-0.5606024737013282,-0.6472696466205378,0.0246358123260572,0.3423239961661736,-0.4461763041889193,-0.0734046248229386,-0.4868103564781788,0.213118266871969,3.1341844182642142,0.3544940206477269,-0.0074151801203058,-0.2461171326188028,1.0,0.0,1.0,0.0,0.0,0.0,1.0,0.0,0.0,0.0,1.0,0.0,0.0,0.0,0.0,1.0,2
2.6708959015571847,-0.2775307389156433,0.2109127405562134,0.1250395707601326,-0.1782646182721213,-0.0289047398494452,0.5380669455341907,-0.3273873079358935,1.1644931109287706,-1.0646620754802398,0.1534202719070651,0.2783907193604061,0.2632100776531271,1.076703119112261,0.6399935057338361,-0.4451969302875173,-0.2558268851336308,-0.5632613133479156,-0.2622133272504607,0.6046264802205669,0.2226412722401567,-0.0144124527590901,1.0,0.0,0.0,0.0,1.0,0.0,1.0,0.0,0.0,0.0,1.0,0.0,0.0,0.0,1.0,0.0,4
-0.1110860863215466,0.2050545586892553,0.2109127405562134,0.0098002656877774,-0.1782646182721213,1.2994455414772128,-0.1004447729521064,-0.2908773001457583,-0.2696720888466626,0.0958857148724438,-0.5606024737013282,-0.6472696466205378,0.0246358123260572,0.3423239961661736,-0.4461763041889193,-0.0734046248229386,-0.4868103564781788,0.213118266871969,3.1341844182642142,0.3544940206477269,-0.0074151801203058,-0.2461171326188028,1.0,0.0,1.0,0.0,0.0,1.0,0.0,0.0,0.0,0.0,1.0,0.0,0.0,0.0,0.0,1.0,1
-1.6324824859427278,0.2050545586892553,0.9097245110361658,0.4131378334410204,0.1218355304737521,-0.0289047398494452,-0.1004447729521064,-0.2908773001457583,-0.2696720888466626,-0.6778128120293452,-0.5606024737013282,-0.6472696466205378,0.0246358123260572,0.3423239961661736,-0.4461763041889193,-0.0734046248229386,-0.4868103564781788,0.213118266871969,3.1341844182642142,0.3544940206477269,-0.0074151801203058,-0.2461171326188028,1.0,0.0,1.0,0.0,0.0,1.0,0.0,0.0,0.0,1.0,0.0,0.0,0.0,0.0,1.0,0.0,3
0.062787787920874,-0.0707084685135438,0.9097245110361658,0.4131378334410204,-0.1782646182721213,-1.7429051028515847,-1.48801643274353,0.4704056107953148,-1.0891950601469105,2.0301320321269167,-0.5567623513720058,-0.6462446939661644,-1.3150504468182582,1.3732793033789443,-0.4461763041889193,2.0486256597414405,-0.5157004372415007,-0.3642458698667042,0.8675265547468314,0.0483469691233998,-1.2916108992667688,-1.109910345666535,1.0,0.0,1.0,0.0,0.0,1.0,0.0,0.0,0.0,1.0,0.0,0.0,0.0,0.0,1.0,0.0,4
-0.8065815832912294,-0.2775307389156433,0.9097245110361658,0.4131378334410204,0.1218355304737521,-0.0289047398494452,0.2396843527232138,-0.7101024895414592,-1.0891950601469105,-0.6778128120293452,-0.5630025501571547,-0.6502163855018611,-1.3196384134591634,0.5965321541090597,-0.4461763041889193,2.7319582947795875,-0.5157004372415007,1.1861179459312456,0.8325771158625177,0.0669540596336006,-1.3053456128405276,-0.7743854680061795,0.0,1.0,1.0,0.0,0.0,1.0,0.0,0.0,0.0,0.0,1.0,0.0,0.0,0.0,0.0,1.0,1
-0.8065815832912294,0.4118768290913547,0.9097245110361658,-0.0478193868483998,0.1218355304737521,-0.0289047398494452,-0.1379766078941749,-0.5059247496154102,-0.6794335744967864,-1.0646620754802398,-0.5553223054985098,-0.6404793352853142,-0.569505867671165,-0.773367363694192,-0.4461763041889193,-0.3593534410824009,-0.5157004372415007,-0.1777681410906284,0.3762040593124283,0.8109235343576875,-0.5991524232564212,-0.97217096624449,1.0,0.0,1.0,0.0,0.0,1.0,0.0,0.0,0.0,1.0,0.0,0.0,0.0,0.0,0.0,1.0,4
-0.8065815832912294,-0.001767711712844,0.9097245110361658,0.4131378334410204,0.1218355304737521,-0.0289047398494452,-0.1991397835619709,0.2937984465510179,-1.0891950601469105,-0.6778128120293452,-0.5438019385105426,-0.6186990913798803,0.7437995832879458,-1.9879174516434803,-0.4461763041889193,0.157438209656465,-0.5157004372415007,3.9753201728958,-0.093822209690443,1.838071178099678,0.7594396610812362,-0.9416131449639478,1.0,0.0,1.0,0.0,0.0,1.0,0.0,0.0,0.0,0.0,1.0,0.0,0.0,0.0,0.0,1.0,2
-0.198023023442757,0.6186990994934541,0.2109127405562134,-2.6407037509763898,-2.529049116781465,-0.0618662852917942,0.5236508766313956,-0.1374995705157174,-0.8843143173218483,2.0301320321269167,-0.5478820684854476,-0.6329203094593108,0.0074309374226627,0.5259187769027065,-0.4461763041889193,-0.4451969302875173,-0.5157004372415007,2.2933251937387955,1.8419468270760604,-1.296388670301431,0.0280661632785714,0.2353977362093439,1.0,0.0,1.0,0.0,0.0,1.0,0.0,0.0,0.0,1.0,0.0,0.0,0.0,0.0,1.0,0.0,2
-0.8065815832912294,0.2050545586892553,0.9097245110361658,-0.0478193868483998,-0.1782646182721213,-0.0289047398494452,0.0473199333015426,0.4185260994541991,-1.294075802971972,2.8038305590287056,-0.5584424048910843,-0.6432979550848411,-0.2449072278271226,0.144606539988399,-0.4461763041889193,-0.4451969302875173,-0.5157004372415007,-0.6636342680043704,0.7441625145438427,0.4057118496559999,-0.2786757732020453,-1.0689628651506082,1.0,0.0,1.0,0.0,0.0,1.0,0.0,0.0,0.0,1.0,0.0,0.0,0.0,0.0,0.0,1.0,2
-0.8500500518518347,-0.2775307389156433,0.2109127405562134,0.1308015360137503,-0.1782646182721213,1.3027416960214475,-0.6475696268695394,-0.1110838560255164,-1.0891950601469105,1.2564335052251274,-0.5625225348659895,-0.6504726236654546,-1.001921723576479,1.1755618472011409,-0.4461763041889193,-0.4451969302875173,-0.5157004372415007,-0.6022457700091965,-0.2329843575415434,-0.2575705144011259,-0.982579843857192,-0.4824054856705969,0.0,1.0,1.0,0.0,0.0,0.0,1.0,0.0,0.0,0.0,1.0,0.0,0.0,0.0,0.0,1.0,1
0.062787787920874,-0.2775307389156433,0.9097245110361658,0.4131378334410204,0.1218355304737521,-0.0289047398494452,-0.6475696268695394,-0.1110838560255164,-1.0891950601469105,1.2564335052251274,-0.5625225348659895,-0.6504726236654546,-1.001921723576479,1.1755618472011409,-0.4461763041889193,-0.4451969302875173,-0.5157004372415007,-0.6022457700091965,-0.2329843575415434,-0.2575705144011259,-0.982579843857192,-0.4824054856705969,0.0,1.0,1.0,0.0,0.0,1.0,0.0,0.0,0.0,0.0,1.0,0.0,0.0,0.0,0.0,1.0,4
1.3668418447390294,-0.2775307389156433,0.2109127405562134,0.0155622309413956,-0.1782646182721213,-0.0289047398494452,0.5380669455341907,-0.3273873079358935,1.1644931109287706,-0.2909635485784507,0.1534202719070651,0.2783907193604061,0.2632100776531271,1.076703119112261,0.6399935057338361,-0.4451969302875173,-0.2558268851336308,-0.5632613133479156,-0.2622133272504607,0.6046264802205669,0.2226412722401567,-0.0144124527590901,1.0,0.0,0.0,0.0,1.0,0.0,1.0,0.0,0.0,0.0,1.0,0.0,0.0,0.0,1.0,0.0,2
-0.1545545548821518,-0.2085899821149435,0.2109127405562134,0.1250395707601326,-0.1782646182721213,-0.0618662852917942,-0.2104473876076008,0.3768598711179286,-1.0891950601469105,1.2564335052251274,-0.5603624660557456,-0.6468852893751478,-1.488246187512429,-0.6038952583989441,-0.4461763041889193,-0.4451969302875173,-0.5157004372415007,-0.6636342680043704,4.193448209859162,-0.8292419557586467,-1.4644393784032357,-1.3147241427993703,1.0,0.0,1.0,0.0,0.0,0.0,1.0,0.0,0.0,0.0,1.0,0.0,0.0,0.0,1.0,0.0,2
0.062787787920874,-0.5532937661184425,0.2109127405562134,-2.6407037509763898,-2.529049116781465,-1.7429051028515847,-0.2255792543760554,0.4281179917778431,-1.0891950601469105,-0.2909635485784507,-0.5574823743087538,-0.643682312330231,-0.8057861496777822,0.0881158382233166,-0.4461763041889193,-0.4451969302875173,-0.5157004372415007,-0.6636342680043704,0.7565198060252057,-0.7136484265956015,-0.7834264970376872,-0.891880290829865,1.0,0.0,1.0,0.0,0.0,1.0,0.0,0.0,0.0,1.0,0.0,0.0,0.0,0.0,0.0,1.0,3
-0.1545545548821518,-0.5532937661184425,0.2109127405562134,0.1250395707601326,-0.1782646182721213,-0.0289047398494452,-0.2255792543760554,0.4281179917778431,-1.0891950601469105,-0.2909635485784507,-0.5574823743087538,-0.643682312330231,-0.8057861496777822,0.0881158382233166,-0.4461763041889193,-0.4451969302875173,-0.5157004372415007,-0.6636342680043704,0.7565198060252057,-0.7136484265956015,-0.7834264970376872,-0.891880290829865,1.0,0.0,1.0,0.0,0.0,1.0,0.0,0.0,0.0,0.0,1.0,0.0,0.0,0.0,0.0,1.0,2
1.3668418447390294,-0.5532937661184425,0.2109127405562134,0.1250395707601326,-0.1782646182721213,-0.0289047398494452,-0.2255792543760554,0.4281179917778431,-1.0891950601469105,-1.4515113389311345,-0.5574823743087538,-0.643682312330231,-0.8057861496777822,0.0881158382233166,-0.4461763041889193,-0.4451969302875173,-0.5157004372415007,-0.6636342680043704,0.7565198060252057,-0.7136484265956015,-0.7834264970376872,-0.891880290829865,1.0,0.0,1.0,0.0,0.0,1.0,0.0,0.0,0.0,0.0,1.0,0.0,0.0,0.0,0.0,1.0,4
0.9321571591329776,-0.5532937661184425,0.2109127405562134,-2.6407037509763898,-2.529049116781465,-1.7429051028515847,-0.2255792543760554,0.4281179917778431,-1.0891950601469105,-1.4515113389311345,-0.5574823743087538,-0.643682312330231,-0.8057861496777822,0.0881158382233166,-0.4461763041889193,-0.4451969302875173,-0.5157004372415007,-0.6636342680043704,0.7565198060252057,-0.7136484265956015,-0.7834264970376872,-0.891880290829865,1.0,0.0,1.0,0.0,0.0,1.0,0.0,0.0,0.0,1.0,0.0,0.0,0.0,0.0,0.0,1.0,4
-0.0241491492003362,-0.4843530093177427,0.9097245110361658,-0.0478193868483998,-0.2782980011874126,-0.0289047398494452,-0.8476326275316618,0.6196385323709621,-1.0891950601469105,-1.0646620754802398,-0.5630025501571547,-0.6504726236654546,-1.1992042891354022,0.6247775049915862,-0.2906773970858934,-0.4451969302875173,-0.5157004372415007,-0.6636342680043704,0.5265016944707989,1.31017352129372,-1.197757023179416,-0.9187711735567424,1.0,0.0,1.0,0.0,0.0,1.0,0.0,0.0,0.0,0.0,1.0,0.0,0.0,0.0,0.0,1.0,4
-1.4586086117003072,-0.4154122525170429,0.9097245110361658,-0.0478193868483998,0.1218355304737521,-0.0289047398494452,-0.9826531284288814,1.0531378589785474,-1.0891950601469105,-0.6778128120293452,-0.5615625042836588,-0.6477821229477244,-0.685352025354021,-0.448545828544982,-0.4461763041889193,-0.2595488467780654,-0.5157004372415007,-0.3770804054692152,0.5370487393265754,-0.8129510855411768,-0.7136083697044124,-0.8306882537155789,1.0,0.0,1.0,0.0,0.0,1.0,0.0,0.0,0.0,1.0,0.0,0.0,0.0,0.0,0.0,1.0,1
-1.0673923946548605,-0.4154122525170429,0.9097245110361658,0.4131378334410204,0.1218355304737521,-0.0289047398494452,-0.9826531284288814,1.0531378589785474,-1.0891950601469105,-0.6778128120293452,-0.5615625042836588,-0.6477821229477244,-0.685352025354021,-0.448545828544982,-0.4461763041889193,-0.2595488467780654,-0.5157004372415007,-0.3770804054692152,0.5370487393265754,-0.8129510855411768,-0.7136083697044124,-0.8306882537155789,1.0,0.0,1.0,0.0,0.0,1.0,0.0,0.0,0.0,0.0,1.0,0.0,0.0,0.0,0.0,1.0,1
-1.0239239260942554,-0.4154122525170429,0.5166428901411833,0.4131378334410204,1.6223362742031209,-0.0289047398494452,-0.9826531284288814,1.0531378589785474,-1.294075802971972,-0.6778128120293452,-0.5615625042836588,-0.6477821229477244,-0.685352025354021,-0.448545828544982,-0.4461763041889193,-0.2595488467780654,-0.5157004372415007,-0.3770804054692152,0.5370487393265754,-0.8129510855411768,-0.7136083697044124,-0.8306882537155789,1.0,0.0,1.0,0.0,0.0,1.0,0.0,0.0,0.0,0.0,1.0,0.0,0.0,0.0,0.0,1.0,2
1.8015265303450807,-0.001767711712844,0.2109127405562134,0.0270861614486308,-0.1782646182721213,-0.0289047398494452,-1.219977662741145,0.3213115105420631,-1.0891950601469105,-1.4515113389311345,-0.5560423284352578,-0.6439385504938244,-1.240495988903549,0.1728518908709407,1.0807661285569496,0.9229567551258008,-0.5157004372415007,-0.1552453713977855,0.7304262014395136,1.195582841814017,-1.2172145340755745,-0.97667824488337,1.0,0.0,0.0,1.0,0.0,1.0,0.0,0.0,0.0,0.0,1.0,0.0,0.0,0.0,0.0,1.0,4
1.54071571898145,0.7565806130948538,0.2109127405562134,-2.6407037509763898,-2.529049116781465,-0.0289047398494452,0.0467292749228867,0.1595648383332948,-1.0891950601469105,-0.6778128120293452,-0.5567623513720058,-0.6399668589581275,1.1681864975716758,-0.8863487672243567,-0.4110446060404005,1.6937251376365785,-0.5157004372415007,-0.1652986951918892,-0.1561679120225341,-0.3603928132594425,1.186360341332244,-0.9508568859013118,1.0,0.0,0.0,1.0,0.0,1.0,0.0,0.0,0.0,0.0,1.0,0.0,0.0,0.0,0.0,1.0,4
